Folder;Script;Energy Original Script;Energy Optimized gpt3;Energy Optimized gpt4;Energy Optimized llama;Energy Optimized Mixtral
瑞利衰落信道下MRC性能;MRC_scheme;110.61642613893792;111.1761037892951;107.59497806933861;106.31327083193625;107.57746361041089
examples;example_quivers;124.2876613222741;124.57551627324348;121.87361145020735;129.13562380040167;134.46179251836267
2D系泊系统;effect_v_wind;108.31295986834448;114.95587473909636;106.06709394788626;108.63165493675604;169.9505510001989
2D系泊系统;best_xitong;114.86558901021812;111.00113335972178;112.43978250441783;104.99068108917784;107.10116471906578
KPMtools;logsum_test;103.48125431461035;115.91290177964477;108.58749494879056;109.88765216676583;105.98183467468961
KPMtools;optimalMatchingTest;109.09147907128951;107.35369662573191;106.59773938412224;108.52329227844943;111.240718446959
KPMtools;set_xtick_label_demo;143.99284468022987;142.62780077704468;142.12525045457858;143.75522271522064;148.2163375328849
KPMtools;centeringMatrix;103.38141290076952;106.95343228036755;109.59458134099961;109.60205867368896;161.6112286798086
KPMtools;asdemo;115.71301848315312;107.13125347274612;109.78336150063691;104.88615470095377;112.27878439003915
matrix;default_mosek_param;107.61566583044899;107.16193153113247;110.59731687348665;108.71436336126524;122.76970751527175
matrix;default_quadprog_param;105.44936081445535;107.21289430808172;109.96473378137934;109.33769226066993;112.31792949798019
2014.12.23.针对“1300m乘以800m的矩形场景中，有半径250m，高度80m的圆锥”干涉处理;InSAR_processing_using_CSA;105.48762933127101;103.74130354251247;107.63764006525061;111.80410977065411;131.63858032233387
costOfTransport;MAIN;111.84889379039744;108.749633262797;110.77548849166186;112.85998482542145;110.22366490857956
costOfTransport;TEST_drawRobot;139.77880491065022;136.7254622887282;122.10329305719391;110.53029185333611;139.26159457504903
data_generator;distortion_saver;109.78257698850337;120.65635260211802;106.52078247073122;104.7718526906643;112.14302010379194
改进FWGN信道模型;plot_modeified_FWGN;111.05632492596011;114.67012655327963;104.40980529790174;113.58723818026644;107.28726932906409
chap4;Untitled;100.6676846207541;105.53987016346193;110.28623594087148;112.41181261790314;119.0905382880371
chap4;chap4_20;111.97211114292692;107.34105971758856;105.45179748530339;110.28132208469043;109.5086149018828
chap4;chap4_07;108.65448313741945;104.16252978097704;108.45216317008378;104.52116236192222;102.48513846567246
chap4;chap4_10;108.05234343431898;110.42924394280497;106.36590102626461;106.37522835567883;111.149169921877
chap4;chap4_11;107.19849579915572;115.58015547120534;113.03283901865883;107.33462471796143;106.31819468531718
chap4;chap4_16;104.93385209701755;108.04684921783186;105.27348853798446;117.43774782370672;111.08958329823558
chap4;chap4_29;105.38190960057345;111.46141104872243;107.0051658892992;105.95010691678657;107.30591504329992
chap4;chap4_17;110.6885833739853;109.65850409140795;107.11701281310324;102.67688672299947;103.69465900286993
chap4;chap4_05;109.29308871555158;109.68913374292455;107.86038260627538;108.0440231849327;107.1715792951993
chap4;chap4_19;104.85707776294419;180.91842651360162;103.9313780685971;109.04716176002945;102.2659738473815
chap4;chap4_18;113.18520749853282;105.66552892225947;105.04526809167622;107.72386432511547;108.92952965039775
chap4;chap4_22;106.93941576730717;105.92349874563435;114.32019042965138;106.79127607679854;107.15958904402716
chap6;chap6_16;108.8084653657018;107.60358350026092;111.84203049235231;116.15719867565323;104.67484467603057
chapter1;chapter1_1;176.97717179927236;106.37605706580055;113.0988364384875;122.84989876570863;108.09734423401171
chapter1;BPDLX;113.16684275650387;102.35450744632519;108.99910920242185;115.88176122206215;110.77207420602971
chapter9;waiji;112.68973514948297;106.98863956840019;104.43580890523775;106.66141483689465;107.29652825727304
chapter9;chapter9;123.38792840366709;108.54748482542345;112.46572034124983;105.12628173819695;104.22856403221296
p22;findr;113.15846515515747;100.97184227243596;120.1303858264221;112.50379049360295;117.26032493860814
案例1 BP神经网络的数据分类-语音特征信号分类;BPDLX;106.77671182577313;107.05476905565492;106.24958853896081;104.64829701397584;108.02691229466743
案例1 BP神经网络的数据分类-语音特征信号分类;BP;116.93051884098757;104.55241551878059;107.34940153981985;107.19530618603237;109.59391048042393
private;ft_postamble_hastoolbox;116.57043088714849;110.49739443021626;110.79687447383887;112.68124600112085;106.34138488782979
private;initializeGlobalState;141.70778945393275;141.41782984224645;137.3168082400787;142.5444335936617;140.34203996331277
private;getEnvironment;104.89562251648047;113.37494496548787;130.4341962150778;106.77936185344078;107.62768331799248
private;StreamMaker;106.59304809563086;107.02883858515696;114.86276139887772;107.18166535470137;105.06342920768155
private;generatesessionid;114.11202845085364;118.03209554736407;106.22578219719159;105.85799171187281;100.3949490250871
附件;account1;106.12467325142994;160.0644520725834;132.8326463370086;109.01583283525643;106.40894501783548
附件;account4;105.87769449176267;107.9876424854838;176.93081033647718;110.26490994150437;106.08266633129799
附件;Ratio;101.69009504642675;110.11456561916114;114.21446701566536;104.43659446985413;107.40803948760932
附件;profit;106.45592156774967;109.83139301171117;104.41507063242246;100.55448071715615;121.0483003813103
附件;account2;116.59704379375887;105.62907146581183;104.59194683202077;113.24652099604558;110.82748834021261
基于概率神经网络的手写体数字识别;digital_rec;104.0486723801105;103.72364596662449;104.93223361321925;105.98018304221854;109.02370058251987
external;plot_brewer_cmap;149.23682587721248;146.6420740588299;148.76056644840142;142.24908710350203;143.97522183129934
第四问;lengthstat;111.79823882001902;105.95976520412208;110.12384769825691;110.4755922513733;108.69371295794603
goddardRocket;MAIN;112.45385005554297;119.77461768836908;127.34265610264767;112.31032746429916;110.08500092599243
chapter5;Bp_Ada_Fore;108.53420178647401;121.08858095363368;116.45528069847657;109.40878032819681;107.28984648607077
chapter4;Genetic;106.67487677216032;107.6414468699428;106.48270232103171;105.64710682834065;104.09506909591788
chapter4;BP;99.99836152168352;106.0094030971683;104.08911343275545;107.41465390963351;110.64060553183562
test;TEST_computePropOpPoint;104.22670666920824;107.86901118841368;116.84951887465411;118.7880017509973;111.71199456586479
test;TEST_plotPropLoc;132.01903191927002;107.99072318236898;141.83532820077582;130.32233192178757;132.53396501208672
test;TEST_definePropulsionModel;108.75120176124219;107.09788986727402;110.59079505656726;106.56161025485048;104.46962448644878
test;TEST_Euler2RotMat;109.8321343784056;106.25352057087002;103.06245369747971;107.60643689387983;123.70583317193588
gradientsTutorial;MAIN;110.62570716595029;113.63645461506154;111.3644830110776;117.4839977395504;110.36921165729792
traj_planning;runsim;272.1394348145254;113.36201266589141;121.75068401469215;270.1003023345939;114.3250595618778
main;gen_class_info_pascalcontext;138.6805277857227;103.56165497885928;104.6029073781924;104.4360009555159;112.3604462721911
main;gen_class_info_nyud;119.82914839114127;116.1385277057476;111.08563863813018;111.88963475719432;113.80320529267794
main;gen_class_info_person_parts;110.11098296068415;105.30597818308462;104.77525329592653;107.22006330813346;111.20786574790816
main;gen_class_info_ade;111.28457483752221;110.73510742182683;108.223406561556;110.33632002210904;108.06284832132876
main;gen_class_info_cityscapes;114.46553618336851;107.92422695811196;109.93938209275426;109.52888909702646;106.41926837788597
main;gen_class_info_voc;110.56759380473923;112.22730281418751;111.31514397991323;111.79153705469196;111.21175095120621
main;gen_class_info_sunrgbd;107.86288925694654;109.57067871085721;108.29001643737288;110.39321320627792;106.97917227911691
chapter26 有导师学习神经网络的分类——￥尾花种类识别;main;106.98221561825706;106.45760476996456;158.65874507510233;106.06888501400104;125.31621104284342
wrappers;path_to_qslim;110.66800926475592;111.40830783188295;103.34010157099893;104.79382113745066;110.38202325233604
wrappers;path_to_meshfix;110.39994654159366;107.19875730320426;111.7257753569986;164.95280298693427;108.53323522105147
wrappers;path_to_convert;112.53712936924522;106.28447328768831;109.34924579481995;104.7410499310715;104.48280334483094
wrappers;path_to_triangle;108.27770417302862;105.45902699434423;109.88039687583384;109.07788138556022;109.75973300275128
wrappers;path_to_eltopo;110.7213155812311;121.31926016973789;115.7758247111362;107.02089717479599;104.7836856184716
wrappers;path_to_tetgen;113.85972542602345;106.19740821571683;120.41047510601467;111.04698391622013;108.40730075181085
wrappers;path_to_medit;109.34612037395408;115.2949245057695;115.9639424291311;108.32777089073828;124.15423478755963
2D模型改进;best_xitong_expand;113.44831953374347;109.70969943338524;105.45396844275568;121.22373488851912;108.43983933030717
2D模型改进;effect_v1_v2_H;112.84270661464764;104.27249934755723;106.06334870440509;106.58909554298212;105.23395722478043
2D模型改进;solve3_expand;104.60797750541403;104.62211187948586;100.89581509300604;116.1605119376046;119.09027362698167
A11168020_郑建国_陶禹诺_严洒洒;picprocess1;106.8743601832017;107.40411166479643;109.50401727089674;112.67814057448614;102.11236624891774
A11168020_郑建国_陶禹诺_严洒洒;picprocess2;102.76678308943119;104.10549505830718;100.72907599078387;109.91441187369718;108.31773797404784
Setup;locate_cuda;117.97531496244483;112.5651118837614;114.25803980331241;112.01539874895163;112.85809378793206
chapter27 无导师学习神经网络的分类——矿井突水水源判别;main;107.10288422682989;108.38765111462222;107.36832612136516;107.30111431247546;109.93015262989151
afni;Test_BrikLoad;106.49238849507147;105.38981260098556;107.94645796153004;104.50162269327798;109.35962545463278
afni;Test_TellAfni;147.9072160390888;137.39207616348446;125.45081145190514;124.67025546365466;129.3458583436802
afni;Test_m3dReorder;106.73735151622355;103.38272673501794;107.59117073842107;105.04720911484188;103.02251092323448
img;img_merge_frames;108.22942904770727;105.19479159652536;110.31445049419438;107.27333858081516;108.13253205399639
程序3_1;timeuse_min;108.51736555432154;111.63172386426696;106.3279697813439;107.82497484926616;106.23483013294452
Matlab源程序;ti3;104.52855603452291;101.89110223165962;108.3437578923948;132.42801271638118;107.81033746127024
Matlab源程序;problem1_2;103.67727240207927;106.75948780973779;110.84208942274363;108.38500029468459;105.19655951139204
Matlab源程序;problem2;121.41070556640224;103.38393165322687;107.1358874090887;100.58764437973852;107.75397202058029
Matlab源程序;ti31;105.69278743351279;105.96426286378771;107.91611349174616;109.88852139180406;104.33055640912438
minTimeBvp;MAIN;109.65200805666471;106.96821962555285;111.43423988078801;107.74081999689325;127.8105589768183
sensor-read-example;navego_example_sensor_read;119.81788845712134;120.95879390320523;121.33789956988164;130.64461911961854;123.91348634927598
Elman网络预测上证股市开盘价;elm_stockpredict;106.88505448956356;128.01068273085122;106.77657660123178;107.49763278301468;104.51484154014857
Elman网络预测上证股市开盘价;elman_stock;104.20438990101081;108.268452611511;106.8527910956041;105.3846135632143;107.4074343976902
fetch_data;fetch_model_VGG16;1326.5489038927522;1142.7944072854589;1690.0089042926857;1229.0870966417415;1096.7325323697878
fetch_data;fetch_model_ResNet50;187.2041589144782;293.0210397654707;157.62745087729678;155.874114464001;158.26261059991847
fetch_data;fetch_faster_rcnn_final_model;346.2946508999328;376.76147513542776;351.8929501237641;334.63662509254885;384.9341172844208
fetch_data;fetch_caffe_mex_windows_vs2013_cuda65;175.09061879122325;153.96080280189474;160.77552111392865;223.43410570871742;188.01110313681622
fetch_data;fetch_model_ResNet101;534.8599158977761;172.1234257138788;169.88283144209356;173.91171580356755;162.42508986906012
fetch_data;fetch_model_ZF;702.3420931060381;296.7176455794111;612.6640277730526;563.385653265475;303.99700717270525
fetch_data;fetch_region_proposals;234.7752233044152;243.01226175243863;321.00008944802767;234.33564810923517;223.3137375404195
fetch_data;fetch_caffe_mex_windows_vs2013_cuda75;168.08544553557394;175.53250595615125;160.92321409031362;171.4854767899579;161.71231605272925
fetch_data;fetch_demo_model_ResNet101;217.3279729382685;171.6756112986457;177.61854079671824;175.6190648572399;132.54577478864792
A10009072_吉张鹤轩_杨升_陈同广;genpics;121.86074513406292;108.86786467452525;105.09161850513392;107.49544814538315;104.23506322388681
LFW;getlfwPairs;119.25599302087332;118.32168421267475;114.9015818628912;110.20928586764133;119.69958390858314
案例16 单层竞争神经网络的数据分类—患者癌症发病预测;chapter16;107.84575731995524;115.4126289496652;105.27792384262666;106.78519064695693;105.15973107287586
samples;gausian_median_blur_bilateral_filter;141.5776630269749;169.71139210674727;107.93927633356712;136.62204716123384;104.28102901058698
案例25 广义神经网络的聚类算法-网络入侵聚类;FCMGRNN;109.99030067191603;114.4384323378504;112.22371970999974;107.73250308274528;103.8435573254266
mlclass-ex8;loadMovieList;110.0197296141956;105.10714488914552;105.79018027097642;114.99626340706126;103.63743746483213
Constant Modulus;CE_similarity_bb_ARS;152.180633018831;155.57301330572227;168.26579021583993;122.65884715111942;148.32086181640827
Constant Modulus;CE_similarity_bb_BRS;482.1525073873987;464.8940224483497;156.94047072839095;139.31111039787106;474.2800708639271
fiveLinkBiped;RESULTS;114.78902777313087;109.44078695371242;117.94448589455891;110.32322166704348;109.08965433057968
fiveLinkBiped;MAIN;113.58433006554922;108.90391172210542;122.28117475837493;110.31193332014814;116.57560782600595
fiveLinkBiped;TEST_drawRobot;138.46040607322055;139.79128870466354;155.5474390491285;138.16652705762456;139.89161313817723
chap11;chap11_8;124.28687891469272;103.96089172367296;105.5594145676647;108.67437270587182;106.07120487604747
chap11;chap11_13;116.62906252100245;109.14977869491398;105.01946074385518;103.19910667688939;112.06988209695555
chap11;chap11_3;105.82405826960216;109.81310982541542;109.4612752981223;107.40796950774605;107.70730748665439
chap11;chap11_12;105.75324486047913;121.8896800074084;106.38126504835512;106.06653410805679;107.19070224094422
chap11;chap11_2;107.3820884967532;113.37224184241796;110.90999050798489;116.98700635196191;104.16567256541698
chap11;chap11_11;106.28037919648843;103.31021012936856;105.73537681848494;120.3416069293483;117.64636598785151
chap11;chap11_1;112.09267451850786;108.39819283326405;103.21034872112395;104.03060018601386;106.01366924413817
chap11;chap11_4;119.59803456282404;108.1350302861036;107.29910488787372;105.2077426253557;118.8148024987032
chap11;chap11_14;102.58393912481;103.75858122724759;126.4244621539898;120.26998953978483;109.96808229644526
案例11 连续Hopfield神经网络的优化-旅行商问题优化计算;main;108.93565736976171;108.13955559171795;103.85259001130156;108.51349756275343;105.13346441862463
PSO-Toolbox;main;141.61669027391451;131.83141405822846;166.67520457308072;141.2031628838339;137.18568052098775
案例1;Genetic;108.78168671700806;107.59836288974299;103.21976812949187;109.89701843263927;106.76578548029546
RegressionAnalysis回归分析;unlinear_regression;107.73005307942894;119.34420934218737;168.60977962102686;103.51842788165106;112.66180735622565
011_Data classification prediction based on random forest algorithm;main;121.63802627047347;123.09396309691986;119.36006532862967;121.44477686386531;116.61417783547297
openmeeg;openmeeg_io_matlab_test;113.82978294642466;105.86896278116058;116.03354197541445;113.1856279044396;117.36971467114375
IEEE802.11信道模型;plot_IEEE80211_model;110.68654764107035;103.01968068096802;105.96635700095693;109.12657375999221;103.45240836307117
案例1非线性;main;106.04828407019497;104.55132898792287;108.90368284024338;115.76458371920583;105.23921361470049
UCI_DataSets;mushroomsL;109.73400089663959;111.40878769451278;108.83835101941729;141.53432069983583;106.85300366639095
UCI_DataSets;penD;115.42575704637747;114.36476082638998;106.56414742298738;105.06697661309616;109.5337834851455
UCI_DataSets;houseL;108.07067239694578;108.46904623100599;114.74027541585484;108.82149005758953;107.94141887791318
UCI_DataSets;SPECTD;102.95447040432742;103.75719320369434;113.00457290131479;107.05254653402893;107.0781323663802
UCI_DataSets;monks3D;113.1257603086776;105.99599430484271;121.73705528528782;102.02263983373795;104.71952925050022
UCI_DataSets;thyroidL;107.17151405085642;120.47272149453357;111.8134534112499;103.19490630042154;107.21438546014893
UCI_DataSets;monks1D;107.47472039580643;104.02026209347191;104.51916188203954;169.2182659281795;120.89395878237174
UCI_DataSets;letterD;107.32113489609388;111.5027339540157;112.5565032958884;173.88620047746147;106.01156195278826
UCI_DataSets;monks2D;108.46550198269864;110.88961002745481;113.3727985250338;103.72420738488114;103.40233743605646
3-Radarsat-1 的实际数据，CSA成像;Radarsat_1_CSA;111.72079257307983;106.55945245151264;116.8248096334182;105.49975585933888;107.07686851765351
real-data;navego_example_real_ins_ekinox;297.8642272948757;291.9274665568955;295.63615207015414;314.82500115758336;104.26181609065128
real-data;navego_example_real_ekinox;537.0703851108375;123.25350425985305;468.95758951118154;536.3259061615802;106.44050440292982
real-data;navego_example_real_mpu6000;727.565659095475;763.3858142721964;718.397749802182;723.5269338672977;106.51405281858952
real-data;navego_example_real_gnss_outage;622.2826311833483;642.8060897300642;782.6446201719007;134.98193675069868;103.33981165397864
Evaluation;Evaluation_for_Single_Image;117.00792457317483;123.11982990127731;115.13032584360215;109.63289931725213;107.20950212164838
Evaluation;Evaluation_for_Multi_Algorithm;1231.5122691186602;1207.0015884925258;102.8069315943064;1062.2246756717514;110.51444270697237
Evaluation;Evaluation_for_Single_Algorithm;213.6564225820957;217.0666630185944;208.451178715195;126.8862562507696;112.27992406375465
案例5 基于BP_Adaboost的强分类器设计-公司财务预警建模;Bp_Ada_Fore;114.70700441574245;108.51033440949837;116.44917244760015;115.27451298157645;106.96185092273738
KPMstats;test_dir;143.34550897007938;113.51346298736111;106.30669692473623;107.11926479996302;110.27519647002919
minimumWork;MAIN_smoothWork;113.00969932814016;118.5355724466218;112.9648542733309;104.03161147543919;111.45378481117197
minimumWork;MAIN_cstWork;162.1196436390325;137.01553818276594;137.04835668093412;111.85094899136638;112.1007458917628
minimumWork;MAIN_forceSquared;115.00029465252662;115.95569479051007;108.85943393050573;118.64722784640718;121.44247068200815
案例9 离散Hopfield神经网络的联想记忆—数字识别;chapter9;106.05975447027294;111.76376868937373;110.1311513966367;116.79518127444418;108.5274568754429
案例9 离散Hopfield神经网络的联想记忆—数字识别;waiji;113.09431615382722;107.02793252884996;104.51218966779234;105.03860421008672;105.68133492300544
quadRotor2d;MAIN_minJerkTraj;110.47313663879096;106.89642123517115;111.79385744296576;108.88007696739254;110.8467875513196
quadRotor2d;MAIN_minForceTraj;112.6575343690387;109.77523014462022;110.94163460568083;112.97703867949996;117.03877784456087
quadRotor2d;MAIN_simulate;144.37309054665042;136.3073209565402;136.9483974062424;139.5410256220935;154.1012788970497
quadRotor2d;MAIN_minAccelTraj;112.00095656817851;111.22631625477064;113.43225623823197;113.10985538876888;109.77678969805329
10_cities_TSP;main;110.3126688990481;111.25761206676272;113.36487023307058;107.19945952846567;112.21380511784662
chapter22;chapter22_lvq;116.46082226981424;107.66241770780019;117.33342821852722;111.33177079816934;109.14649910751152
chapter22;test;175.7680279962851;109.3636695599055;101.34886222044086;110.02041468123407;119.03767500254968
chapter22;chapter22_bp;109.9578157622339;115.58750073664726;105.89956875510738;103.53021766394096;111.88095882021348
chapter22;crossvalind_lvq;107.30287907029309;108.6292187920611;110.14130006985265;126.16160267798615;118.25136329387395
案例22 LVQ神经网络的预测——人脸朝向识别;chapter22_lvq;109.91696745758989;104.68408073807407;138.04757897328918;113.77389552230134;105.78945607149066
案例22 LVQ神经网络的预测——人脸朝向识别;chapter22_bp;108.85764496901538;113.04470333810087;109.5479221667313;107.22793837721653;105.21183569953082
案例22 LVQ神经网络的预测——人脸朝向识别;crossvalind_lvq;105.62853582979758;108.26180564755302;106.78179336807659;107.54093312410937;105.9246588238215
案例22 LVQ神经网络的预测——人脸朝向识别;test;107.04609206620331;108.39879207284352;110.39491220247652;106.29837527510442;103.6476753363958
第9章 MIMO信道容量;Ergodic_Capacity_vs_SNR;104.64311797045983;105.17695512437936;118.56793739046532;114.76415173761379;108.06493298759973
第9章 MIMO信道容量;Ergodic_Capacity_CDF;105.48522686146215;167.8661067568384;106.07016517380092;106.5183289626268;106.36603572453244
第9章 MIMO信道容量;Ergodic_Capacity_Correlation;110.02490655311126;118.17984745416646;120.38537702894698;105.93332330109793;104.62089959507334
PSO-basic;DrawRastrigin;146.62673844962285;104.89109644400968;144.4007231614107;143.72887394347848;117.32272654568078
PSO-basic;main;115.10776125154145;113.51937129591383;105.86011426200977;112.51197762326899;112.5238447518124
PSO-basic;DrawGriewank;140.40519977433624;139.75404463140373;146.7243205102819;141.24267104573764;114.4675482388341
SUI信道模型;plot_SUI_channel;113.95708702350485;108.34036938890068;104.07011360962522;125.43596728098707;105.9743284027891
simpleWalker;Derive_simpleWalker;127.88006223484288;110.64684006270896;108.95451670676944;109.14477907372277;106.00632976665932
simpleWalker;MAIN;109.30088122136658;108.97466199147186;104.04989518791011;106.9917860359118;106.26227017103268
ex8;loadMovieList;108.58885403352805;111.68525928555557;108.45765582582483;105.05106625313599;104.07813637946157
Quaternions;TestScript;115.6354259622749;123.43568420407547;119.62657744314217;131.33171239399937;118.29438308180823
one_GA_split;use_rate;116.19661423257463;111.70917800386188;116.40643363165597;118.29309082037071;118.29366065716724
GreySystem灰色系统;strength_analysis;110.16053298424833;106.49914809409036;110.45184145135987;106.94635371825957;104.64595367951256
自由空间路径损耗;plot_PL_general;111.04335179820994;113.93826188703052;99.40212118215779;106.2014728414501;103.54647458822804
004_Data regression prediction based on support vector machine (libsvm);main;121.63720545271244;132.41178578343283;129.43598885370963;127.4500806085677;131.68495599164805
tests;runalltests;118.79463985041065;116.7363933694874;116.16540264270412;112.65683036010736;125.95024477205328
Jakes模型;plot_Jakes_model;105.63676820952517;105.04023742679595;108.83543238139326;104.26059275663233;105.67271370721122
034_Data classification prediction based on partial least squares algorithm;main;120.7447946483193;113.24838519914091;118.36974466251458;120.45027528958524;134.20713122141075
besa;test_matlab2besa;114.18825767783585;113.03808804213246;109.76555554625169;109.48738203376756;186.4453009242244
012_Time series forecasting based on random forest algorithm;main;123.83595275880312;123.6766236403411;122.37412867041964;122.28565452844988;130.2068076298215
M;wuding_yingli;128.30967396719518;120.88861557536815;106.83116465605443;110.38913279553225;117.51421435133169
M;nan_yingli;108.2826253955979;121.28544195767107;105.17407173936553;114.90233585752691;104.17782908459675
M;renyijiaodu_fadianliang;105.30947770746344;110.61745531812454;114.34382629400753;110.91891532106695;106.82524003656903
M;shuiping_yingli;101.96096012513314;111.2761540906283;120.50860069542601;106.05182305690712;107.17403385556375
M;bei_yingli;157.03745032994053;114.62940031902038;104.92835209294672;106.21228237808802;106.45475558572697
M;beimian_fadianliang;106.44942658529055;109.34425932789173;111.476370449762;105.94032866389547;112.49096258771245
M;xi_yingli;105.89306640619782;105.99816420974194;105.58965275204412;113.2388752904572;104.22421369887286
M;dong_yingli;105.52501599538815;105.43000477756743;114.04474034796043;113.89771875842668;108.11727642194279
M;zuijiajiaodu;111.38036898909345;114.74289519212947;103.36769682789173;108.7768538902586;105.08997423898685
M;Untitled;105.57207988870756;106.54833352972818;116.88050368733319;103.63256625468233;109.27960731243667
M;wuding2_yingli;168.2842538767707;115.55733884604656;107.57945146232217;115.57744993012126;109.14749198133961
M;fadianliang;106.84393678857053;105.59357583935468;110.40952643041965;116.86504653413732;102.75029991420412
adminfunc;eeglab_options;129.23867113831662;108.51882145320194;108.29663296402352;107.34501279622982;105.03881941171531
adminfunc;biosigpathfirst;111.46135474897416;106.47460463951575;114.42722767794;107.41823867275099;108.7791879588421
010_Data regression prediction based on random forest algorithm;main;119.7162975442098;117.56493246139846;124.66235298951607;127.5869482631478;120.90349026382017
Chu序列和IEEE802.16e前导的PAPR;PAPR_of_Chu;108.10422436940155;104.47605211979003;109.91597721499295;106.00624610636793;105.04758216588003
035_Time series forecasting based on partial least squares algorithm;main;122.71599499936464;120.27943473025667;128.43572577114563;138.51537086220523;118.56556333346565
data;GenerateData_model_64_25_Res_Bnorm_Adam;1032.306509083751;1078.4171216241284;1129.2619860419334;118.28789546576947;1061.4385986328145
data;GenerateTrainingPatches;128.61640614467063;121.59492440060873;123.11537117794646;120.92009340493202;122.18996034809469
案例10 离散Hopfield神经网络的分类——高校科研能力评价;chapter10;105.88387693211251;106.2642436916782;109.22561981717827;107.62734416381149;137.34692382810232
B16046004_程双泽_李君昌_陈凌勤;w2_2;111.26584020148208;105.5017526559592;107.33930285225607;108.84181950019938;105.74823418982199
B16046004_程双泽_李君昌_陈凌勤;w2_1;106.5875754520309;107.9752002585005;107.75528480270316;107.6349487304547;108.54488872663832
DeMat;Rundeopt;113.27630930928842;119.72432735049897;104.34255507903511;117.08320459832662;112.46062074858165
GA遗传算法解决非线性最优解;main;103.90228639805994;103.9199013545776;105.40681299670591;101.47558225431592;103.29697444513921
chap13;chap13_18;100.17220069626788;110.98902209046103;107.01508199764768;106.73226876091012;108.05305323102672
chap13;chap13_9;107.73567936344651;107.74455155988409;104.41735261060491;104.95610625165965;105.85498941356742
chap13;chap13_5;105.60287054641582;111.61716908430641;112.03967074693607;116.35874307565672;108.16039986451807
案例3 遗传算法优化BP神经网络-非线性函数拟合;Genetic;113.8680283119079;106.7716302387002;105.1673131392957;109.20635210464499;113.99276966162586
EMplanner_v0.3;emplanner_init;241.113758481764;180.665872508106;152.4111817458841;149.66430979761384;109.27940684344202
IMA解决非线性问题求解;main;107.76112155246363;107.5853934451769;124.93836185841114;118.91124278107851;105.60282424406012
chebfun;cheblogo;153.77453350186838;147.69462743300767;160.22970686288116;151.13693500386455;143.69591180203835
chebfun;ODEformats;126.96581136766854;121.7550396097539;120.39203827963853;121.5102102344932;123.20685551085525
Utilities;showGeoCBCTDiagram;154.18346326111148;145.90782533844546;147.39976764549422;139.15190440213212;159.8187087486811
029_Time series forecasting based on extreme learning machine;main;127.07413403730406;120.21214241815072;119.23802027205438;119.33700140584902;118.40816787186536
devtools;tvg_VOCinit;114.20859290814983;105.77782887429328;103.33774224646261;106.36147071563856;114.54566429401065
CH07;bisect_demo;115.93148435388716;106.7897407268455;103.39893577842179;113.90602269668759;110.85182347780311
TSP(GA);main;114.17754390328552;107.65608583650439;106.25699589181298;109.18754788100968;105.86876336456847
OpenTSTOOL;tstoolInit;106.91557838178464;112.7148905787617;108.18126599532592;111.76720454775456;115.23483855145831
cartPole;MAIN_minTime;109.43321491110515;113.31445575582369;113.5057383571041;109.67608432114679;110.55096540769867
cartPole;RESULTS_makePlots;106.86138231989501;110.71753087546074;110.1169896618712;106.82297226486543;110.28614649275951
cartPole;TEST_openLoopDynamics;139.87531306828444;142.59937628377872;145.55420868976267;141.53145836143563;146.2274585592376
cartPole;MAIN_minForce;119.64120325548896;110.50075820390063;109.5808515876917;114.4318253090003;116.11935898352712
control;runsim;294.0437337941037;309.7913444782567;300.3770625673672;190.10362611961116;326.201348666461
chapter24 基于蚁群算法的三维路径规划算法;main;106.09134068990383;108.8364757669644;108.91626607967292;105.36995723325126;106.6176726242431
quadRotor3d;MAIN_minThrottleTraj;110.3519318678902;111.48152423729108;111.52090506723897;112.4019101899045;173.43333961224337
quadRotor3d;TESTRUNNER;109.5976983431811;109.06972845672863;106.62240705810937;106.43324069312476;105.87721515521568
quadRotor3d;MAIN_minTimeTraj;109.41757675703687;117.24334611558027;113.51548924946009;113.78473531794413;108.64158367285111
006_Time series forecasting based on support vector machine (libsvm);main;130.50566153689127;115.97887657432825;119.57836124821814;124.12392346611536;118.56349918755285
mlclass-ex6;getVocabList;113.78885834797784;111.8219913097054;111.73214104468084;108.61366563431429;112.84726397911665
matlab;ccc;117.95340702448497;119.2512885784341;119.3190402327575;106.63792051120002;125.2047382223476
matlab;vl_setupnn;107.74894872195777;111.89935422750985;116.28161775396177;109.81281889155454;112.19609584168104
天线选择技术;MIMO_channel_cap_ant_sel_subopt;107.81008858515496;134.7652266930331;116.11511914484636;106.10199816471993;162.10606173799647
天线选择技术;MIMO_channel_cap_ant_sel_optimal;105.78892096154922;112.6149633999107;109.93596044078004;113.99696613182033;117.98006202433267
npmk;NPMKverChecker;122.84521747462789;109.22679243415818;116.51461423674583;109.42482626018645;115.46523574306148
第7章 径向基函数网络;curve_filt_newrb_sim;107.85661473762492;105.94650847337947;115.34283499881536;110.22251944710773;108.5216211780147
第7章 径向基函数网络;pnn_test;112.59331643995468;106.20119923555116;109.1040959850913;105.1911726326216;105.49357657592165
第7章 径向基函数网络;grnn_test;120.94153673901897;102.35269533364496;111.42097946692756;107.53630434244005;106.05537414546767
第7章 径向基函数网络;pnn_test2;106.9610616749811;105.35570605043803;111.62107849125711;112.54263726591157;105.79636514589897
utilities;loadPlant_QuadRotor3d;103.91502801308023;114.90636102087065;106.66099969268944;105.8042271055225;114.79535069957713
utilities;Merge_Bnorm_Demo;109.77212261331091;109.48984501285855;109.79642144567534;105.75640816530132;106.16380310059999
IMA;main;554.7559603987711;150.7651425065806;539.5299703663934;549.9637135472128;108.22765218810346
example2;example2;115.93492810477318;104.8924176446403;113.08369498419503;104.70032422304162;104.21750035781237
source_code;jm99a1simu;116.2286029683952;105.53989910254664;114.31075260563802;117.25266976188065;119.03981912533295
2-小斜视角，点目标仿真;CSA_imaging;104.78111898491424;107.4497575432299;106.0419558821495;106.32302172434042;110.40359497079345
AOC解决TSP问题;mian;117.31613790583074;103.17856992528863;109.17838103203344;108.07614504055176;114.3024623475724
射线信道模型;plot_ray_fading;106.53796912873653;114.4961074302796;107.71421656116105;105.53294530414558;108.70287875472046
案例2;Genetic;102.36347540486243;117.34599356815933;107.2642890667013;104.0822248787856;110.75551578918561
检验正交性;test_orthogonality;109.10796487737038;105.50626767908649;103.45321286947804;107.91534318603527;111.85480104638505
EMPlanner_v0.1;emplanner_init;155.5127921268918;147.35613750587098;163.67753916762064;154.3289668642462;156.04768739898634
IMA解决TSP问题;main;107.3245102454555;107.72361387053489;106.77691650398252;108.21001986790135;113.1348366572919
036_Data regression prediction based on least squares support vector machine;main;138.24857830187378;123.6509678281366;125.95910644536468;130.95793625401083;124.94039022510445
p3;p3;102.14070129386502;106.97907283395762;108.41844966499424;104.2609800140811;114.11090298366516
p3;pei;104.53818433030693;107.36664291905592;120.1380604711052;105.74172710546227;101.25443504599991
p3;class;107.0397533548229;103.78086221628774;107.05845063306182;111.83491673968243;108.5051495781899
p3;di;113.75635291793151;101.61987988706598;112.22088096884345;104.74152084871332;103.31155237652048
fastica;demosig;125.71636173639703;109.66243454506862;112.39303746718737;106.03096218761618;104.28388819199634
chapter25 有导师学习神经网络的回归拟合——基于近红外光谱的汽油辛烷值预测;main;107.12952449407372;113.09285551919963;113.01918240250008;106.10245750689727;109.08523506954602
emd;demo_emd;112.22774847628196;107.23589719579442;113.56723496019399;107.86454088940157;119.07281651986754
chapter11;main;106.6021339153642;111.64196935187672;113.89795605885668;114.4028609702464;109.43514751554828
chapter25;FCMGRNN;110.96667164771874;113.24970376905222;108.80935879410164;103.49956749218862;117.63711179528738
example1;example1;105.2327786150292;106.07664331907189;113.24621161096529;104.32222721495883;103.91175368736128
2018_MCMProblemC_DATA;uscities;110.32952670400344;105.52948155901636;106.33464629069204;136.7133236589966;104.0628483211702
2018_MCMProblemC_DATA;loading;110.5625920789216;112.41652390045508;107.5887419602328;114.59098710683736;102.94420439626114
2018_MCMProblemC_DATA;NFLIS;108.35707881527648;120.22964003995655;111.17078846896766;127.9681848985954;110.68141805705743
EMPlanner_v0.11;emplanner_init;158.60906087941538;163.62780182949137;153.50861753271852;149.36300027782724;161.40067212332585
EMPlanner_v0.4;emplanner_init;155.96670690075302;164.99657519101487;152.5563654406518;171.21107746005572;151.40188809104689
minJerk;MAIN;127.04511234679275;113.95102770563119;111.4620024583178;110.13587057188249;113.94434067299028
other;init_workspace;130.12189878273057;134.29099984008593;143.37054022428867;123.29691867174878;121.55337945345774
p21;findd;112.85387815277751;104.7088665139464;106.18232779671109;114.49332612132702;107.22081467201572
p21;tou;108.65439474163176;108.56927279768318;119.11815669616395;116.33142247696303;134.28557086819862
minAccel;MAIN;107.5356461098217;110.92549554234098;111.24709556839059;115.25203573280656;111.10896669579509
032_Time series forecasting based on particle swarm optimization algorithm optimized support vector machine (libsvm);main;143.12988965272308;133.8117465314632;123.21656746700495;126.47846037772251;134.4751223860477
第10章 随机神经网络;sa_tsp;112.30816124226288;109.56517397128206;118.41620609677669;105.19637851054371;102.64160314100546
第10章 随机神经网络;example10_1;110.88843194375633;111.19052439722522;114.83978534567547;104.57951565439099;105.34022785054222
2径信道模型和指数信道模型;plot_2ray_exp_model;104.58488780055959;103.04672872609106;104.06361073457057;108.50982034617658;114.1637178618794
evaluation;nme_for_alignment_68pts_2d;151.9359557054162;109.04874656933303;152.39944931561055;163.82538157494955;128.21745037215217
evaluation;nme_for_alignment_68pts_3d;153.50739314633518;151.7045745848626;161.08485780903217;121.85773494323627;102.6823225350055
030_Data regression prediction based on particle swarm optimization algorithm optimized support vector machine (libsvm);main;132.97448151693118;123.8291836441916;117.76855258276316;120.27920795308731;120.25314594129631
Alamouti空时块码;Alamouti_scheme;104.96950241616838;106.6354133343296;107.6010426487593;106.30162995439504;123.98358943551811
chapter6 遗传算法工具箱详解及应用;GA_demo_run;106.82634919263214;105.63440046635866;107.83213858772872;121.27009372055883;105.16198993554933
chapter30 极限学习机的回归拟合及分类——对比实验研究;main;122.7418749578847;102.11075039574844;108.6040239004892;106.4492634740911;103.70723961148379
util;myOctaveVersion;107.50873697223342;105.56469621332282;116.0330463277461;116.4315990579459;105.87148995231637
chap15;chap15_10;110.36993829136642;104.67476364663112;109.33835891204092;123.44205080238693;111.6937624175796
chap15;chap15_8;112.08643314750375;102.54491713949568;108.54128502150556;107.30155050349903;103.25928313155049
chap15;chap15_9;106.47750012627361;107.43559212521008;109.12943241512804;106.80350310239612;108.65550863337783
chap15;chap15_11;104.25086869866836;109.89346839647523;110.95200742512002;104.66766567869867;103.47047950480743
chap15;chap15_3;107.31411374838429;164.39512686894662;128.5656354181099;108.54462248699313;124.99842992321194
chap15;chap15_2;105.75886009479993;113.35867940961055;121.12278537100767;104.72840986577472;103.68307179412885
chap15;chap15_7;103.8852623249645;114.86355380345425;104.32927256617856;108.10048543997831;107.09906795104676
Inpaint_nans;inpaint_nans_demo;153.2608347925265;108.09278396081886;141.38122295510777;139.60719194091004;142.63537281954558
chapter5 基于遗传算法的LQR控制器优化设计;GA_LQR_run;101.7274990738791;107.10755973027473;101.18265770223185;114.42090422533059;116.90336871970895
1-正侧视，点目标仿真;CSA_imaging;106.28209081180354;105.10781807738861;108.53469901252738;108.50942624846658;128.70474137928625
案例3;Genetic;103.66447396110743;108.70760582240122;187.55150630553896;110.34530166079941;112.49612058454258
code;evaluation;109.29476034235819;124.70562691523709;108.02733901450772;111.05996283170454;109.5477068670905
Waveform Design With Given Radar Beampatterns;sumrate_PD_tradeoff;240.60488260198176;241.19252487718617;236.28304527538972;212.65070106251696;236.3686723380193
graph;test;105.37754821779953;106.29322920172427;128.0914727572436;106.26294787176724;106.5304091880078
案例23 小波神经网络的时间序列预测-短时交通流量预测;wavenn;103.21910358295005;105.69715364101359;107.80211057501916;105.16738038143474;111.27183817201136
GA遗传算法解决TSP问题;main;107.05693001575078;103.84318858182162;111.89360467316222;103.28869365810232;115.5573883057283
案例24 模糊神经网络的预测算法-嘉陵江水质评价;FuzzyNet;113.52112395194527;109.5339229188173;108.15118145121559;105.28634801420488;106.98810235389452
020_Data regression prediction based on BP neural network - predicting new data;NewData;128.02590942381607;133.24472361606152;128.23957772098547;134.69060595285004;136.08763648729956
cheb;test_galleryball;104.19051334768903;107.84203680628983;104.82225931096814;120.88374591693443;110.75266713108506
dss;keyboard_interrupt;114.50414618131391;106.55889313808314;103.93367372701297;114.41201887457984;109.24040274784885
chainIntegrator;MAIN;114.46781184752913;114.84162955454366;114.79870079299396;109.96471957493863;111.26248958186599
chapter12 免疫优化算法在物流配送中心选址中的应用;main;111.60311837041357;105.32120171915498;105.6168781148896;113.02663132232405;111.25549737331538
EMPlannerV0.5;emplanner_init;155.51463370491823;173.63348546520012;164.53004139863307;167.11774628734867;149.78290005391946
第5章 CFO估计技术;CFO_estimation;106.8252279347989;114.06547704237063;113.63790946169998;106.30367147510445;107.40661831562616
FWGN信道模型;plot_FWGN;114.60731822051758;104.3304317079902;105.30969659204932;107.11872179756655;107.37888415096778
gen_laplacian;gen_laplacian;4732.286540064244;4355.1626713193555;160.96791760673634;4750.714819020194;182.66089445966546
TSP(SA);main;112.37928456269557;110.24467364811117;108.08453627765253;104.45560416531792;107.48689218297092
程序3_3;sbusy;108.18143699911488;108.88797417994998;109.07386674554336;106.51033388346971;110.58470943055903
chapter24;FuzzyNet;105.42873829803911;108.33647260993342;106.80572036221615;104.02500915525337;188.8208939123734
瑞利衰落和莱斯衰落信道模型;plot_Ray_Ric_channel;102.43256457097395;102.4742500042033;103.78720513706352;130.141687853587;114.72516237452811
031_Data classification prediction based on particle swarm optimization algorithm optimized support vector machine (libsvm);main;127.01400230672002;107.141060138615;121.29849979797667;120.42732291385042;121.95447198274456
testfunctions;main;108.33452053728377;106.94500101030732;115.74863723234739;119.13298929143288;108.92489624014004
acrobot;MAIN;115.51958281423592;111.4390148294363;108.70114661915758;116.36432726629046;117.24868300868046
Saleh-Valenzuela信道模型;plot_SV_model_ct;109.3370382375112;101.46131633888882;108.1441218936013;113.02889962026103;104.29659928952078
chapter10;chapter10;105.42229330129038;105.56790266367646;106.72899496145266;110.2979467984305;106.8932668751463
chapter9 基于遗传算法的多目标优化算法;my_first_multi_run;107.93997139759072;105.31878925194755;110.59108813052418;105.75260399129233;115.56676088523417
3D_ICP-master;icp_test;146.46175621299813;150.15726497245888;147.2481226427601;152.16838231577;142.85299156458672
第9章 反馈神经网络;bsb_test;106.85439169001646;107.518456820798;131.78610913509078;103.62062441057662;108.06091308596962
第9章 反馈神经网络;elman_stockTest;105.41834180107429;115.3809251456947;119.92907188680216;119.44289634976704;111.24509666713982
minSnap;MAIN;113.6126035492775;112.91386097872125;110.23046927617116;106.22812310586772;106.19059279869944
toolbox_fast_marching;perform_front_propagation_2d;104.07572726543053;108.72602265456226;123.01583914909962;105.4157678011889;109.60517251902212
tools;runTest;121.48925097232106;129.19925979083678;125.51768809354037;123.03959708379438;111.85810168028472
ex6;getVocabList;110.99984004587971;108.49853903560907;110.62471835894443;112.47575999115953;106.77377086574847
案例2非线性;Genetic;107.65407167624578;113.96197930700748;108.67430956609314;112.17381339234798;108.48018199002475
simplePendulum;MAIN;110.6466106546015;112.07419138948698;113.36835453424057;102.75026413487022;104.22887552200399
utility;startup;115.68475710108659;118.44246857737568;123.35463635674036;113.33472732015773;118.64955560090662
CAM;demo;165.30925882268488;141.85783701931962;146.12018137962903;146.4132390515919;114.04612100524587
chapter_2_3_5;use_d_func;107.89276859678071;111.68059460878982;106.62375298860194;110.88484823293301;107.50502435099895
iso2mesh;getexeext;106.43112498316673;127.59798931254973;108.42613956840822;108.77693123654021;103.65695874450994
Gait Tracking With x-IMU;Script;787.9505104853587;767.9060658422552;165.90809473495705;118.88279566273759;109.93865177555186
模糊聚类;main;123.93347010118003;109.72857355665104;105.57402323061596;108.17244966151054;105.70306577517304
模糊聚类;fuzzy_cluster_analysis;106.11537012564428;103.05041710805973;104.81876825882513;109.35762204953579;106.08788493529289
chapter8 基于量子遗传算法的函数寻优算法;QuantumMain;102.99149769756156;110.07242557925879;103.92796378294689;107.21855952813097;105.23506743329023
chapter23 基于蚁群算法的二维路径规划算法;main;106.26429801155282;108.61729957327921;110.9898097597159;108.93501650050065;109.0002762367146
005_Data classification prediction based on support vector machine (libsvm);main;125.26146882158054;121.40859248728796;122.78944133891291;125.08372655406329;117.53690627523987
chapter21 模拟退火算法工具箱及应用;my_first_SA_run;116.14076285521853;106.51994692053894;108.86664134058259;108.48013358283788;119.65282466490994
028_Data classification prediction based on extreme learning machine;main;123.98547258046014;124.97506661253483;123.70020320495904;127.16276076744744;118.44904301084522
EMPlanner;emplanner_init;151.32717211491325;152.97647252573296;159.5914869637305;164.4485878779348;107.62281273155482
AC解决函数最优解;SolveMax;105.7131137190776;118.42202179996771;104.69007557839886;113.89119378449837;107.37923983860047
EMplanner_v0.2;emplanner_init;152.5488054999311;153.01897193647414;153.41760516992233;150.5571446912584;118.47514658958997
chapter16;chapter16;105.74583856004355;117.95083355086109;110.27985724077584;105.15128563194945;107.96369723621795
scripts;optimizer;120.45067570120264;110.33997771689782;105.92289035599403;109.11545756709627;108.86013949124569
多目标模糊综合评价;main;117.15206014692124;112.30825133244132;121.20271456450465;106.51236789509402;108.9729244425879
空时格码;STTC_simulation;104.10027023844204;111.81530288178554;104.2919658792189;114.90888766580109;106.40094362450803
chapter22 蚁群算法的优化计算——旅行商问题（TSP）优化;main;110.63739171527037;107.359589675333;112.9703100795962;112.18363268628057;105.44694729505211
033_Data regression prediction based on partial least squares algorithm;main;120.2639554779523;126.0296825540818;130.6426833580762;120.13828830066105;117.47518973514349
Evaluation_Protocol;Eval;119.81546336201076;118.3827719852822;143.83702455738214;120.06138189902714;123.60392235067135
